{
  "categories_list": {
    "featured": [
      "/linha-exclusiva/?Promoções e Combos *",
      "/cadeiras-poltronas-de-corte/?CADEIRAS *",
      "/lavatorios/?LAVATÓRIOS *",
      "/estetica/?ESTÉTICA *",
      "/moveis-e-acessorios/?Móveis e A",
      "/categoria-?Categoria *"
    ],
    "random": 0,
    "full_width": true
  },
  "menu_all_departments": false,
  "centralized_logo": false,
  "marketing_stripe": {
    "text": "Aproveite nossos descontos e promoções",
    "link": "https://callegaricapelli.netlify.app/linha-exclusiva/",
    "background": "#a29898",
    "color": "#000000"
  },
  "alphabetical_order_submenu": false,
  "name_all_departments": "",
  "search_input": true,
  "desktop_megamenu": true,
  "full_width_submenu": false,
  "contacts_stripe": {
    "pages": [
      {
        "title": "Sobre nós",
        "link": "/pages/sobre-nos"
      },
      {
        "title": "Contato",
        "link": "/pages/contato"
      }
    ],
    "phone_wpp": true,
    "socials": true
  }
}