{
  "meta_title": "",
  "meta_description": "",
  "sections": [
    {
      "type": "banner-slider",
      "autoplay": 9000,
      "full_width": false,
      "slides": [
        {
          "start": "",
          "end": "",
          "img": "/img/uploads/design-sem-nome-_2_.webp"
        }
      ]
    },
    {
      "type": "info-bar",
      "enabled": true
    },
     {
      "type": "dynamic-showcase",
      "load_more": false,
      "sort": "offers"
    },
    {
      "type": "page-title",
      "title": "Callegari Capelli",
      "description": "Há mais de 30 anos cuidando do seu salão como se fosse o nosso."
    }
  ]
}
